Workbook

Sheet Tour China
J3: =SUBTOTAL(9,J6:J25) -> 5364.44 | K3: =SUBTOTAL(9,K6:K25) -> 1341.11 | L3: =SUBTOTAL(9,L6:L25) -> 1.6111111
A5: Giorno | B5: Data | C5: Attività | D5: Mattino | E5: Pranzo | F5: Pomeriggio | G5: Cena | H5: Sera | I5: Notte | J5: Euro | K5: Euro/cad | L5: Durata
A6: 1 | B6: 46233 | C6: MXP-TFU | E6: Volo | F6: Volo | G6: Volo | H6: Volo | I6: Volo | J6: =+K6*4 -> 1903.68 | K6: =+Voli!D7/2 -> 475.92 | L6: =+Voli!F1 -> 0.44444444
A7: =+A6+1 -> 2 | B7: =+B6+1 -> 46234 | C7: MXP-TFU - visita città Chengdu + Panda + Sera Chengdu | D7: Transfer | E7: Chengdu | F7: Panda | G7: Chengdu | H7: Chengdu | I7: Chengdu | J7: 50 | K7: =+J7/4 -> 12.5 | L7: 0.0625
A8: =+A7+1 -> 3 | B8: =+B7+1 -> 46235 | C8: visita città Chengdu + treno Chongqing + Drone Show | D8: Chengdu | E8: Chengdu | F8: Treno | G8: Chongqing | H8: Chongqing | I8: Chongqing | J8: =30*4 -> 120 | K8: =+J8/4 -> 30 | L8: 0.10416667
A9: =+A8+1 -> 4 | B9: =+B8+1 -> 46236 | C9: visita città Chongqing | D9: Chongqing | E9: Chongqing | F9: Chongqing | G9: Chongqing | H9: Chongqing | I9: Chongqing | K9: =+J9/4 -> 0
A10: =+A9+1 -> 5 | B10: =+B9+1 -> 46237 | C10: visita città Chongqing | D10: Chongqing | E10: Chongqing | F10: Chongqing | G10: Chongqing | H10: Chongqing | I10: Chongqing
A11: =+A10+1 -> 6 | B11: =+B10+1 -> 46238 | C11: visita città Chongqing | D11: Chongqing | E11: Chongqing | F11: Chongqing | G11: Chongqing | H11: Chongqing | I11: Chongqing
A12: =+A11+1 -> 7 | B12: =+B11+1 -> 46239 | C12: trasferimento a Zhangijajie + BUS Wulingyuan + visita città | D12: Treno | E12: Chongqing | F12: Zhangijajie | G12: Taxi/Bus | H12: Wulingyuan | I12: Wulingyuan | J12: =30*4 -> 120 | K12: =+J12/4 -> 30 | L12: 0.14583333
A13: =+A12+1 -> 8 | B13: =+B12+1 -> 46240 | C13: Visita foresta Avatar e rientro Wulingyuan + BUS Zhangijajie | D13: Wulingyuan | E13: Avatar | F13: Avatar | G13: Avatar | H13: Taxi/Bus | I13: Zhangijajie | K13: =+J13/4 -> 0
A14: =+A13+1 -> 9 | B14: =+B13+1 -> 46241 | C14: Visita porta del paradiso e rientro città Zhangijajie | D14: Zhangijajie | E14: Porta paradiso | F14: Porta paradiso | G14: Zhangijajie | H14: Zhangijajie | I14: Zhangijajie
A15: =+A14+1 -> 10 | B15: =+B14+1 -> 46242 | C15: visita citta Zhangijajie e Volo per Pechino Pernotto Pechino | D15: Zhangijajie | E15: Zhangijajie | F15: Volo | G15: Volo | H15: Pechino | I15: Pechino | J15: =+K15*4 -> 824.84 | K15: =+Voli!D16 -> 206.21 | L15: 0.10069444
A16: =+A15+1 -> 11 | B16: =+B15+1 -> 46243 | C16: visita città Pechino | D16: Pechino | E16: Pechino | F16: Pechino | G16: Pechino | H16: Pechino | I16: Pechino | K16: =+J16/4 -> 0
A17: =+A16+1 -> 12 | B17: =+B16+1 -> 46244 | C17: visita Muraglia Pechino | D17: Pechino | E17: Pechino | F17: Pechino | G17: Pechino | H17: Pechino | I17: Pechino | K17: =+J17/4 -> 0
A18: =+A17+1 -> 13 | B18: =+B17+1 -> 46245 | C18: visita città proibita Pechino | D18: Muraglia | E18: Muraglia | F18: Muraglia | G18: Muraglia | H18: Pechino | I18: Pechino | K18: =+J18/4 -> 0
A19: =+A18+1 -> 14 | B19: =+B18+1 -> 46246 | C19: visita città Pechino | D19: Pechino | E19: Pechino | F19: Pechino | G19: Pechino | H19: Pechino | I19: Pechino
A20: =+A19+1 -> 15 | B20: =+B19+1 -> 46247 | C20: visita Pechino + treno Shanghai + Sera Shanghai | D20: Pechino | E20: Treno | F20: Treno | G20: Shangai | H20: Shangai | I20: Shangai | J20: =110.56*4 -> 442.24 | K20: =+J20/4 -> 110.56 | L20: 0.22916667
A21: =+A20+1 -> 16 | B21: =+B20+1 -> 46248 | C21: visita città Shanghai | D21: Shangai | E21: Shangai | F21: Shangai | G21: Shangai | H21: Shangai | I21: Shangai | K21: =+J21/4 -> 0
A22: =+A21+1 -> 17 | B22: =+B21+1 -> 46249 | C22: gita paesi intorno a Shanghai | D22: Shangai | E22: Shangai | F22: Shangai | G22: Shangai | H22: Shangai | I22: Shangai | K22: =+J22/4 -> 0
A23: =+A22+1 -> 18 | B23: =+B22+1 -> 46250 | C23: visita città Shanghai | D23: Shangai | E23: Shangai | F23: Shangai | G23: Shangai | H23: Shangai | I23: Shangai | K23: =+J23/4 -> 0
A24: =+A23+1 -> 19 | B24: =+B23+1 -> 46251 | C24: visita città Shanghai e volo per rientro PVG-MXP | D24: Shangai | E24: Shangai | F24: Shangai | G24: Shangai | H24: Shangai | I24: Volo | K24: =+J24/4 -> 0
A25: =+A24+1 -> 20 | B25: =+B24+1 -> 46252 | C25: PVG-MXP | D25: Volo | E25: Home | J25: =+K25*4 -> 1903.68 | K25: =+Voli!D7/2 -> 475.92 | L25: =+Voli!M1 -> 0.52430556
K26: =+J26/4 -> 0
H27: Notte | I27: Pernottamento
H28: =COUNTIF($I$6:$I$25,I28) -> 1 | I28: Chengdu
H29: =COUNTIF($I$6:$I$25,I29) -> 4 | I29: Chongqing
H30: =COUNTIF($I$6:$I$25,I30) -> 1 | I30: Wulingyuan
H31: =COUNTIF($I$6:$I$25,I31) -> 2 | I31: Zhangijajie
H32: =COUNTIF($I$6:$I$25,I32) -> 0 | I32: Treno
H33: =COUNTIF($I$6:$I$25,I33) -> 5 | I33: Pechino
H34: =COUNTIF($I$6:$I$25,I34) -> 4 | I34: Shangai
H35: =COUNTIF($I$6:$I$25,I35) -> 2 | I35: Volo
H36: =SUM(H28:H35) -> 19 | I36: TOTALE

Sheet Voli
E1: =SUM(E4:E5) -> 0.25 | F1: =SUM(F4:F5) -> 0.44444444 | L1: =SUM(L4:L5) -> 0.25 | M1: =SUM(M4:M5) -> 0.52430556
A3: Sigla | B3: Aereoporto | C3: Volo | D3: Data e Ora | E3: Fuso | F3: Durata | H3: Aereoporto | I3: Città | J3: Volo | K3: Data e Ora | L3: Fuso | M3: Durata
A4: MXP | B4: Milano , Aeroporto di MalpensaTerminal 1 | C4: CA446 | D4: 45868.542 | H4: PVG | I4: Shanghai , Aeroporto Internazionale di Pudong Terminal: 2 | J4: CA967 | K4: 46252.062
A5: TFU | B5: Chengdu, Aeroporto internazionale di Tianfu Terminal 1 | D5: 45869.236 | E5: 0.25 | F5: =+D5-D4-E5 -> 0.44444444 | H5: MXP | I5: Milano , Aeroporto di MalpensaTerminal 1 | J5: CA967 | K5: 46252.337 | L5: 0.25 | M5: =+K5-K4+L5 -> 0.52430556
B7: Economic | C7: 3807.36 | D7: =+C7/4 -> 951.84
E10: =SUM(E13:E14) -> 0 | F10: =SUM(F13:F14) -> 0.10069444
A12: Sigla | B12: Aereoporto | C12: Volo | D12: Data e Ora | E12: Fuso | F12: Durata
A13: DYG | B13: Aeroporto di Dayong Zhangjiajie Hehua T2 | C13: CA8610 | D13: 46242.719
A14: PKX | B14: Aeroporto di Pechino-Daxing | D14: 46242.819 | E14: 0 | F14: =+D14-D13-E14 -> 0.10069444
B16: Economic | C16: =+D16*4 -> 824.84 | D16: =1031.05/5 -> 206.21

Sheet Foglio1
A1: Chengdu
A3: Hotel | B3: Indirizzi | C3: Posti | D3: Taxi
A4: The Hidden House(Chengdu Taikoo Li & Hejiangting)) | B4: Luomashi, Qingyang District, Chengdu, Cina, 610020 | C4: Tianfu Square | D4: Verdi - Alipay - DiDi
B5: Chunxi Road Residential District, Luomashi, Jinjiang District, Chengdu, Sichuan, Cina, 610016 | C5: Chunxi Road
B6: Lan Kwai Fong | C6: Lan Kwai Fong
B7: Siguan Rd, Wu Hou Qu, Cheng Du Shi, Si Chuan Sheng, Cina, 610047
B8: Cina, Sichuan, Chengdu, Qingyang District, 长顺上街127号 邮政编码: 610032 | C8: Kuan Alley and Zhai Alley
B9: J3RP+RCF, Binjiang E Rd, Jinjiang District, Chengdu, Sichuan, Cina, 610061 | C9: Anshun Bridge
